{"cameraMode":{"drawMode":0,"name":"Shaded","section":"Shading Mode"},"sceneLighting":false,"audioPlay":false,"sceneViewState":{"showFog":true,"showMaterialUpdate":true,"showSkybox":true,"showFlares":true,"showImageEffects":true,"showParticleSystems":true},"in2DMode":false,"pivot":{"x":0.41923055052757265,"y":1.3946950435638428,"z":-0.2674778997898102},"rotation":{"x":0.5043991208076477,"y":-0.48066577315330508,"z":0.41376784443855288,"w":0.5859506130218506},"size":3.1732337474823,"orthographic":false}