{"cameraMode":{"drawMode":0,"name":"Shaded","section":"Shading Mode"},"sceneLighting":false,"audioPlay":false,"sceneViewState":{"showFog":true,"showMaterialUpdate":true,"showSkybox":true,"showFlares":true,"showImageEffects":true,"showParticleSystems":true},"in2DMode":false,"pivot":{"x":7.8729567527771,"y":-4.55441951751709,"z":-1.574441909790039},"rotation":{"x":-0.1115778312087059,"y":-0.13166984915733338,"z":0.014916885644197464,"w":-0.9848811626434326},"size":41.36809539794922,"orthographic":false}