{"cameraMode":{"drawMode":0,"name":"Shaded","section":"Shading Mode"},"sceneLighting":false,"audioPlay":false,"sceneViewState":{"showFog":true,"showMaterialUpdate":true,"showSkybox":true,"showFlares":true,"showImageEffects":true,"showParticleSystems":true},"in2DMode":false,"pivot":{"x":2.2563180923461916,"y":2.5279903411865236,"z":-1.6561565399169922},"rotation":{"x":0.42420440912246706,"y":-0.25725334882736208,"z":0.1270541101694107,"w":0.8589113354682922},"size":14.592226028442383,"orthographic":false}