{"cameraMode":{"drawMode":0,"name":"Shaded","section":"Shading Mode"},"sceneLighting":true,"audioPlay":false,"sceneViewState":{"showFog":true,"showMaterialUpdate":true,"showSkybox":true,"showFlares":true,"showImageEffects":true,"showParticleSystems":true},"in2DMode":false,"pivot":{"x":0.2522788643836975,"y":0.3269541263580322,"z":-0.4666987657546997},"rotation":{"x":0.2399606555700302,"y":-0.2672310173511505,"z":0.06889771670103073,"w":0.9307307004928589},"size":4.777563571929932,"orthographic":false}