{"cameraMode":{"drawMode":0,"name":"Shaded","section":"Shading Mode"},"sceneLighting":false,"audioPlay":false,"sceneViewState":{"showFog":true,"showMaterialUpdate":true,"showSkybox":true,"showFlares":true,"showImageEffects":true,"showParticleSystems":true},"in2DMode":false,"pivot":{"x":192.58810424804688,"y":-0.3566095530986786,"z":3.453125},"rotation":{"x":-0.08270726352930069,"y":0.01404879055917263,"z":-0.0011659227311611176,"w":-0.9964742064476013},"size":1.5562598705291749,"orthographic":false}