{"cameraMode":{"drawMode":0,"name":"Shaded","section":"Shading Mode"},"sceneLighting":false,"audioPlay":false,"sceneViewState":{"showFog":true,"showMaterialUpdate":true,"showSkybox":true,"showFlares":true,"showImageEffects":true,"showParticleSystems":true},"in2DMode":false,"pivot":{"x":-0.4044232964515686,"y":0.5349819660186768,"z":-0.8112690448760986},"rotation":{"x":0.17547911405563355,"y":0.7662957906723023,"z":-0.5715261101722717,"w":0.23527824878692628},"size":0.9002158045768738,"orthographic":false}