{"cameraMode":{"drawMode":0,"name":"Shaded","section":"Shading Mode"},"sceneLighting":false,"audioPlay":false,"sceneViewState":{"showFog":true,"showMaterialUpdate":true,"showSkybox":true,"showFlares":true,"showImageEffects":true,"showParticleSystems":true},"in2DMode":false,"pivot":{"x":0.04389862343668938,"y":3.057260274887085,"z":0.9445870518684387},"rotation":{"x":-0.7065768241882324,"y":0.040668342262506488,"z":-0.04074249044060707,"w":-0.7052910327911377},"size":1.8665552139282227,"orthographic":false}