{"cameraMode":{"drawMode":0,"name":"Shaded","section":"Shading Mode"},"sceneLighting":false,"audioPlay":false,"sceneViewState":{"showFog":true,"showMaterialUpdate":true,"showSkybox":true,"showFlares":true,"showImageEffects":true,"showParticleSystems":true},"in2DMode":false,"pivot":{"x":-0.013923252001404763,"y":0.12321728467941284,"z":-0.10399618744850159},"rotation":{"x":-0.6201658844947815,"y":-0.07219517976045609,"z":0.057470228523015979,"w":-0.779024600982666},"size":7.246547222137451,"orthographic":false}