{"cameraMode":{"drawMode":0,"name":"Shaded","section":"Shading Mode"},"sceneLighting":false,"audioPlay":false,"sceneViewState":{"showFog":true,"showMaterialUpdate":true,"showSkybox":true,"showFlares":true,"showImageEffects":true,"showParticleSystems":true},"in2DMode":false,"pivot":{"x":-1.0239758491516114,"y":0.5918450355529785,"z":0.48133397102355959},"rotation":{"x":0.4281470775604248,"y":-0.4494113326072693,"z":0.2601536214351654,"w":0.7396212816238403},"size":4.874512195587158,"orthographic":false}