{"cameraMode":{"drawMode":0,"name":"Shaded","section":"Shading Mode"},"sceneLighting":false,"audioPlay":false,"sceneViewState":{"showFog":true,"showMaterialUpdate":true,"showSkybox":true,"showFlares":true,"showImageEffects":true,"showParticleSystems":true},"in2DMode":false,"pivot":{"x":0.12183769047260285,"y":-0.18582263588905335,"z":0.009796337224543095},"rotation":{"x":-0.33433881402015688,"y":-0.6203798651695252,"z":0.33035480976104739,"w":-0.6278631091117859},"size":1.4200818538665772,"orthographic":false}