{"cameraMode":{"drawMode":0,"name":"Shaded","section":"Shading Mode"},"sceneLighting":false,"audioPlay":false,"sceneViewState":{"showFog":true,"showMaterialUpdate":true,"showSkybox":true,"showFlares":true,"showImageEffects":true,"showParticleSystems":true},"in2DMode":false,"pivot":{"x":0.283052921295166,"y":0.4083747863769531,"z":1.3120286464691163},"rotation":{"x":-0.5569321513175964,"y":-0.17396198213100434,"z":0.12063418328762055,"w":-0.8031259179115295},"size":16.487730026245118,"orthographic":false}