{"cameraMode":{"drawMode":0,"name":"Shaded","section":"Shading Mode"},"sceneLighting":false,"audioPlay":false,"sceneViewState":{"showFog":true,"showMaterialUpdate":true,"showSkybox":true,"showFlares":true,"showImageEffects":true,"showParticleSystems":true},"in2DMode":false,"pivot":{"x":-0.031268637627363208,"y":0.7610316276550293,"z":-0.6648018956184387},"rotation":{"x":0.45806685090065,"y":0.006136760115623474,"z":-0.0031618562061339618,"w":0.8888909816741943},"size":3.082066535949707,"orthographic":false}