{"cameraMode":{"drawMode":0,"name":"Shaded","section":"Shading Mode"},"sceneLighting":false,"audioPlay":false,"sceneViewState":{"showFog":true,"showMaterialUpdate":true,"showSkybox":true,"showFlares":true,"showImageEffects":true,"showParticleSystems":true},"in2DMode":false,"pivot":{"x":32.51018142700195,"y":-5.141498565673828,"z":-13.759578704833985},"rotation":{"x":-0.310459703207016,"y":-0.3200528621673584,"z":0.11188749223947525,"w":-0.8880665302276611},"size":77.73789978027344,"orthographic":false}