{"cameraMode":{"drawMode":0,"name":"Shaded","section":"Shading Mode"},"sceneLighting":false,"audioPlay":false,"sceneViewState":{"showFog":true,"showMaterialUpdate":true,"showSkybox":true,"showFlares":true,"showImageEffects":true,"showParticleSystems":true},"in2DMode":false,"pivot":{"x":-608.4459838867188,"y":-263.2546081542969,"z":-1.9329833984375},"rotation":{"x":-0.0018096643034368754,"y":0.003596917726099491,"z":-0.0000065755734794947788,"w":-0.9999918937683106},"size":387.474853515625,"orthographic":false}