{"cameraMode":{"drawMode":0,"name":"Shaded","section":"Shading Mode"},"sceneLighting":false,"audioPlay":false,"sceneViewState":{"showFog":true,"showMaterialUpdate":true,"showSkybox":true,"showFlares":true,"showImageEffects":true,"showParticleSystems":true},"in2DMode":false,"pivot":{"x":492.2663269042969,"y":305.5166931152344,"z":32.99287414550781},"rotation":{"x":-0.02880215272307396,"y":0.015589750371873379,"z":-0.00044934009201824665,"w":-0.9994634389877319},"size":214.7322540283203,"orthographic":false}