{"cameraMode":{"drawMode":0,"name":"Shaded","section":"Shading Mode"},"sceneLighting":false,"audioPlay":false,"sceneViewState":{"showFog":true,"showMaterialUpdate":true,"showSkybox":true,"showFlares":true,"showImageEffects":true,"showParticleSystems":true},"in2DMode":false,"pivot":{"x":-0.08448648452758789,"y":0.24294447898864747,"z":0.18027842044830323},"rotation":{"x":0.5568867921829224,"y":-0.014954817481338978,"z":0.010029531084001065,"w":0.8303932547569275},"size":3.8625681400299074,"orthographic":false}