{"cameraMode":{"drawMode":0,"name":"Shaded","section":"Shading Mode"},"sceneLighting":false,"audioPlay":false,"sceneViewState":{"showFog":true,"showMaterialUpdate":true,"showSkybox":true,"showFlares":true,"showImageEffects":true,"showParticleSystems":true},"in2DMode":false,"pivot":{"x":293.9502258300781,"y":236.49269104003907,"z":-94.7425537109375},"rotation":{"x":-0.03921546787023544,"y":-0.06530686467885971,"z":0.0025684041902422907,"w":-0.9970910549163818},"size":381.79266357421877,"orthographic":false}