{"cameraMode":{"drawMode":0,"name":"Shaded","section":"Shading Mode"},"sceneLighting":false,"audioPlay":false,"sceneViewState":{"showFog":true,"showMaterialUpdate":true,"showSkybox":true,"showFlares":true,"showImageEffects":true,"showParticleSystems":true},"in2DMode":false,"pivot":{"x":0.004413306247442961,"y":0.18017709255218507,"z":-0.03928171098232269},"rotation":{"x":0.70643150806427,"y":0.019739681854844095,"z":-0.019716668874025346,"w":0.707231342792511},"size":1.8914458751678467,"orthographic":false}