{"cameraMode":{"drawMode":0,"name":"Shaded","section":"Shading Mode"},"sceneLighting":false,"audioPlay":false,"sceneViewState":{"showFog":true,"showMaterialUpdate":true,"showSkybox":true,"showFlares":true,"showImageEffects":true,"showParticleSystems":true},"in2DMode":false,"pivot":{"x":-0.0010493975132703782,"y":0.6895177364349365,"z":0.1097097396850586},"rotation":{"x":0.5889256000518799,"y":-0.004855011124163866,"z":0.003538168501108885,"w":0.8081650137901306},"size":2.0404183864593508,"orthographic":false}