{"cameraMode":{"drawMode":0,"name":"Shaded","section":"Shading Mode"},"sceneLighting":false,"audioPlay":false,"sceneViewState":{"showFog":true,"showMaterialUpdate":true,"showSkybox":true,"showFlares":true,"showImageEffects":true,"showParticleSystems":true},"in2DMode":false,"pivot":{"x":428.7269592285156,"y":259.06121826171877,"z":-24.95562744140625},"rotation":{"x":-0.022742483764886857,"y":0.07550513744354248,"z":-0.0017225551418960095,"w":-0.9968845844268799},"size":521.9124145507813,"orthographic":false}