{"cameraMode":{"drawMode":0,"name":"Shaded","section":"Shading Mode"},"sceneLighting":false,"audioPlay":false,"sceneViewState":{"showFog":true,"showMaterialUpdate":true,"showSkybox":true,"showFlares":true,"showImageEffects":true,"showParticleSystems":true},"in2DMode":false,"pivot":{"x":-0.21882104873657227,"y":-0.12516236305236817,"z":-1.890404224395752},"rotation":{"x":0.4072606563568115,"y":0.5868533253669739,"z":-0.4376901090145111,"w":0.5460487604141235},"size":11.026195526123047,"orthographic":false}