{"cameraMode":{"drawMode":0,"name":"Shaded","section":"Shading Mode"},"sceneLighting":false,"audioPlay":false,"sceneViewState":{"showFog":true,"showMaterialUpdate":true,"showSkybox":true,"showFlares":true,"showImageEffects":true,"showParticleSystems":true},"in2DMode":false,"pivot":{"x":-0.4476967453956604,"y":0.6006765365600586,"z":0.014254212379455567},"rotation":{"x":0.49345821142196658,"y":0.06848787516355515,"z":-0.039016254246234897,"w":0.8661906719207764},"size":3.3914456367492677,"orthographic":false}