{"cameraMode":{"drawMode":0,"name":"Shaded","section":"Shading Mode"},"sceneLighting":false,"audioPlay":false,"sceneViewState":{"showFog":true,"showMaterialUpdate":true,"showSkybox":true,"showFlares":true,"showImageEffects":true,"showParticleSystems":true},"in2DMode":false,"pivot":{"x":340.68402099609377,"y":278.44488525390627,"z":-0.61468505859375},"rotation":{"x":-0.004783419892191887,"y":-0.10421262681484223,"z":0.0005011477041989565,"w":-0.9945434331893921},"size":319.0457458496094,"orthographic":false}