{"cameraMode":{"drawMode":0,"name":"Shaded","section":"Shading Mode"},"sceneLighting":false,"audioPlay":false,"sceneViewState":{"showFog":true,"showMaterialUpdate":true,"showSkybox":true,"showFlares":true,"showImageEffects":true,"showParticleSystems":true},"in2DMode":false,"pivot":{"x":0.04045981913805008,"y":0.07044117152690888,"z":-0.3363502025604248},"rotation":{"x":0.16372767090797425,"y":-0.09954937547445297,"z":0.016609417274594308,"w":0.9813293814659119},"size":0.5229672193527222,"orthographic":false}