{"cameraMode":{"drawMode":0,"name":"Shaded","section":"Shading Mode"},"sceneLighting":false,"audioPlay":false,"sceneViewState":{"showFog":true,"showMaterialUpdate":true,"showSkybox":true,"showFlares":true,"showImageEffects":true,"showParticleSystems":true},"in2DMode":false,"pivot":{"x":397.5963439941406,"y":234.5869598388672,"z":-112.01449584960938},"rotation":{"x":-0.04229560121893883,"y":0.008088704198598862,"z":-0.0003425405011512339,"w":-0.9990723729133606},"size":245.84689331054688,"orthographic":false}