{"cameraMode":{"drawMode":0,"name":"Shaded","section":"Shading Mode"},"sceneLighting":true,"audioPlay":false,"sceneViewState":{"showFog":true,"showMaterialUpdate":true,"showSkybox":true,"showFlares":true,"showImageEffects":true,"showParticleSystems":true},"in2DMode":false,"pivot":{"x":9.503714561462403,"y":-6.2555389404296879,"z":-2.9674224853515627},"rotation":{"x":0.24964062869548798,"y":-0.007840917445719242,"z":0.002021659864112735,"w":0.9683047533035278},"size":149.0994873046875,"orthographic":false}