{"cameraMode":{"drawMode":0,"name":"Shaded","section":"Shading Mode"},"sceneLighting":false,"audioPlay":false,"sceneViewState":{"showFog":true,"showMaterialUpdate":true,"showSkybox":true,"showFlares":true,"showImageEffects":true,"showParticleSystems":true},"in2DMode":false,"pivot":{"x":2.471886157989502,"y":0.9049453735351563,"z":1.0246814489364625},"rotation":{"x":-0.4740307331085205,"y":-0.3787345588207245,"z":0.23657476902008058,"w":-0.7588725090026856},"size":8.149328231811524,"orthographic":false}