{"cameraMode":{"drawMode":0,"name":"Shaded","section":"Shading Mode"},"sceneLighting":false,"audioPlay":false,"sceneViewState":{"showFog":true,"showMaterialUpdate":true,"showSkybox":true,"showFlares":true,"showImageEffects":true,"showParticleSystems":true},"in2DMode":false,"pivot":{"x":2.637138605117798,"y":2.146634101867676,"z":-1.6996943950653077},"rotation":{"x":0.2556152641773224,"y":-0.3038598597049713,"z":0.08499445766210556,"w":0.9138413667678833},"size":3.4153852462768556,"orthographic":false}