{"cameraMode":{"drawMode":0,"name":"Shaded","section":"Shading Mode"},"sceneLighting":false,"audioPlay":false,"sceneViewState":{"showFog":true,"showMaterialUpdate":true,"showSkybox":true,"showFlares":true,"showImageEffects":true,"showParticleSystems":true},"in2DMode":false,"pivot":{"x":0.10232199728488922,"y":0.12616753578186036,"z":0.027252912521362306},"rotation":{"x":0.5698444247245789,"y":-0.005420328117907047,"z":0.00375945633277297,"w":0.8217262029647827},"size":3.269639730453491,"orthographic":false}