{"cameraMode":{"drawMode":0,"name":"Shaded","section":"Shading Mode"},"sceneLighting":false,"audioPlay":false,"sceneViewState":{"showFog":true,"showMaterialUpdate":true,"showSkybox":true,"showFlares":true,"showImageEffects":true,"showParticleSystems":true},"in2DMode":false,"pivot":{"x":-0.24722450971603394,"y":0.4330272078514099,"z":-0.03750649094581604},"rotation":{"x":-0.5910917520523071,"y":-0.04013487324118614,"z":0.029466478154063226,"w":-0.8050661683082581},"size":1.2338862419128419,"orthographic":false}