{"cameraMode":{"drawMode":0,"name":"Shaded","section":"Shading Mode"},"sceneLighting":true,"audioPlay":false,"sceneViewState":{"showFog":true,"showMaterialUpdate":true,"showSkybox":true,"showFlares":true,"showImageEffects":true,"showParticleSystems":true},"in2DMode":false,"pivot":{"x":-2.642559051513672,"y":0.9060925245285034,"z":-3.4300923347473146},"rotation":{"x":-0.6212893128395081,"y":0.025601360946893693,"z":-0.020316671580076219,"w":-0.7828993201255798},"size":1.1547513008117676,"orthographic":false}