{"cameraMode":{"drawMode":0,"name":"Shaded","section":"Shading Mode"},"sceneLighting":false,"audioPlay":false,"sceneViewState":{"showFog":true,"showMaterialUpdate":true,"showSkybox":true,"showFlares":true,"showImageEffects":true,"showParticleSystems":true},"in2DMode":false,"pivot":{"x":1.2563071250915528,"y":-0.5556001663208008,"z":1.177525520324707},"rotation":{"x":-0.2533218264579773,"y":-0.07045013457536698,"z":0.018500832840800287,"w":-0.964635968208313},"size":9.713545799255371,"orthographic":false}