{"cameraMode":{"drawMode":0,"name":"Shaded","section":"Shading Mode"},"sceneLighting":false,"audioPlay":false,"sceneViewState":{"showFog":true,"showMaterialUpdate":true,"showSkybox":true,"showFlares":true,"showImageEffects":true,"showParticleSystems":true},"in2DMode":false,"pivot":{"x":-0.04234296828508377,"y":-0.46792834997177126,"z":0.18800705671310426},"rotation":{"x":-0.5196422934532166,"y":0.05808166414499283,"z":-0.03544005751609802,"w":-0.8516704440116882},"size":1.120081901550293,"orthographic":false}