{"cameraMode":{"drawMode":0,"name":"Shaded","section":"Shading Mode"},"sceneLighting":false,"audioPlay":false,"sceneViewState":{"showFog":true,"showMaterialUpdate":true,"showSkybox":true,"showFlares":true,"showImageEffects":true,"showParticleSystems":true},"in2DMode":false,"pivot":{"x":-0.18763211369514466,"y":0.2521964907646179,"z":-0.4755900204181671},"rotation":{"x":0.19650867581367494,"y":0.1386079341173172,"z":-0.028073027729988099,"w":0.9702495336532593},"size":0.4592670202255249,"orthographic":false}