{"cameraMode":{"drawMode":0,"name":"Shaded","section":"Shading Mode"},"sceneLighting":false,"audioPlay":false,"sceneViewState":{"showFog":true,"showMaterialUpdate":true,"showSkybox":true,"showFlares":true,"showImageEffects":true,"showParticleSystems":true},"in2DMode":false,"pivot":{"x":0.19106841087341309,"y":-0.1544121503829956,"z":-0.2744768559932709},"rotation":{"x":-0.13563252985477448,"y":0.6863188147544861,"z":-0.13257811963558198,"w":-0.7021348476409912},"size":2.104858160018921,"orthographic":false}