{"cameraMode":{"drawMode":0,"name":"Shaded","section":"Shading Mode"},"sceneLighting":false,"audioPlay":false,"sceneViewState":{"showFog":true,"showMaterialUpdate":true,"showSkybox":true,"showFlares":true,"showImageEffects":true,"showParticleSystems":true},"in2DMode":false,"pivot":{"x":193.4104461669922,"y":0.027700215578079225,"z":3.2947933673858644},"rotation":{"x":-0.058661796152591708,"y":-0.06225412338972092,"z":0.003665523836389184,"w":-0.9963282346725464},"size":4.143739700317383,"orthographic":false}