{"cameraMode":{"drawMode":0,"name":"Shaded","section":"Shading Mode"},"sceneLighting":false,"audioPlay":false,"sceneViewState":{"showFog":true,"showMaterialUpdate":true,"showSkybox":true,"showFlares":true,"showImageEffects":true,"showParticleSystems":true},"in2DMode":false,"pivot":{"x":-33.820770263671878,"y":2.5117015838623049,"z":-6.978229522705078},"rotation":{"x":0.25481340289115908,"y":0.34376972913742068,"z":-0.09748703986406326,"w":0.8985481858253479},"size":22.0,"orthographic":false}