{"cameraMode":{"drawMode":0,"name":"Shaded","section":"Shading Mode"},"sceneLighting":false,"audioPlay":false,"sceneViewState":{"showFog":true,"showMaterialUpdate":true,"showSkybox":true,"showFlares":true,"showImageEffects":true,"showParticleSystems":true},"in2DMode":false,"pivot":{"x":-2.153163433074951,"y":1.1360282897949219,"z":0.8848800659179688},"rotation":{"x":-0.24208232760429383,"y":-0.04742639884352684,"z":0.011848117224872113,"w":-0.9690235257148743},"size":89.9795913696289,"orthographic":false}