{"cameraMode":{"drawMode":0,"name":"Shaded","section":"Shading Mode"},"sceneLighting":false,"audioPlay":false,"sceneViewState":{"showFog":true,"showMaterialUpdate":true,"showSkybox":true,"showFlares":true,"showImageEffects":true,"showParticleSystems":true},"in2DMode":false,"pivot":{"x":517.0152587890625,"y":340.0938720703125,"z":4.066680908203125},"rotation":{"x":-0.02880215272307396,"y":0.015589750371873379,"z":-0.00044934009201824665,"w":-0.9994634389877319},"size":451.73492431640627,"orthographic":false}