{"cameraMode":{"drawMode":0,"name":"Shaded","section":"Shading Mode"},"sceneLighting":false,"audioPlay":false,"sceneViewState":{"showFog":true,"showMaterialUpdate":true,"showSkybox":true,"showFlares":true,"showImageEffects":true,"showParticleSystems":true},"in2DMode":false,"pivot":{"x":350.611083984375,"y":323.6322326660156,"z":-0.79815673828125},"rotation":{"x":0.07008186727762222,"y":0.03799377754330635,"z":0.0026711593382060529,"w":-0.9968138933181763},"size":315.62481689453127,"orthographic":false}