{"cameraMode":{"drawMode":0,"name":"Shaded","section":"Shading Mode"},"sceneLighting":false,"audioPlay":false,"sceneViewState":{"showFog":true,"showMaterialUpdate":true,"showSkybox":true,"showFlares":true,"showImageEffects":true,"showParticleSystems":true},"in2DMode":false,"pivot":{"x":474.4302673339844,"y":249.13272094726563,"z":-12.20697021484375},"rotation":{"x":-0.10355391353368759,"y":0.03639163449406624,"z":-0.003791460767388344,"w":-0.9939506649971008},"size":478.72418212890627,"orthographic":false}