{"cameraMode":{"drawMode":0,"name":"Shaded","section":"Shading Mode"},"sceneLighting":false,"audioPlay":false,"sceneViewState":{"showFog":true,"showMaterialUpdate":true,"showSkybox":true,"showFlares":true,"showImageEffects":true,"showParticleSystems":true},"in2DMode":false,"pivot":{"x":-0.03294903039932251,"y":0.13110387325286866,"z":0.10697220265865326},"rotation":{"x":-0.37045350670814516,"y":-0.6101880073547363,"z":0.38751456141471865,"w":-0.5833243727684021},"size":1.7238306999206544,"orthographic":false}