{"cameraMode":{"drawMode":0,"name":"Shaded","section":"Shading Mode"},"sceneLighting":false,"audioPlay":false,"sceneViewState":{"showFog":true,"showMaterialUpdate":true,"showSkybox":true,"showFlares":true,"showImageEffects":true,"showParticleSystems":true},"in2DMode":false,"pivot":{"x":296.077880859375,"y":230.09634399414063,"z":-127.09471130371094},"rotation":{"x":-0.06761433184146881,"y":0.06490134447813034,"z":-0.00440772483125329,"w":-0.9955886602401733},"size":230.99185180664063,"orthographic":false}