{"cameraMode":{"drawMode":0,"name":"Shaded","section":"Shading Mode"},"sceneLighting":false,"audioPlay":false,"sceneViewState":{"showFog":true,"showMaterialUpdate":true,"showSkybox":true,"showFlares":true,"showImageEffects":true,"showParticleSystems":true},"in2DMode":false,"pivot":{"x":0.03625953197479248,"y":0.08168470859527588,"z":0.0708615779876709},"rotation":{"x":-0.4395844638347626,"y":0.38440024852752688,"z":-0.21593183279037476,"w":-0.7825441956520081},"size":1.9343445301055909,"orthographic":false}