{"cameraMode":{"drawMode":0,"name":"Shaded","section":"Shading Mode"},"sceneLighting":false,"audioPlay":false,"sceneViewState":{"showFog":true,"showMaterialUpdate":true,"showSkybox":true,"showFlares":true,"showImageEffects":true,"showParticleSystems":true},"in2DMode":false,"pivot":{"x":536.517333984375,"y":329.4622497558594,"z":-0.40890178084373476},"rotation":{"x":0.6759659647941589,"y":-0.06426293402910233,"z":0.05936547368764877,"w":0.7317213416099548},"size":1.9703876972198487,"orthographic":false}