{"cameraMode":{"drawMode":0,"name":"Shaded","section":"Shading Mode"},"sceneLighting":false,"audioPlay":false,"sceneViewState":{"showFog":true,"showMaterialUpdate":true,"showSkybox":true,"showFlares":true,"showImageEffects":true,"showParticleSystems":true},"in2DMode":false,"pivot":{"x":531.6764526367188,"y":224.71067810058595,"z":1.82171630859375},"rotation":{"x":-0.06925247609615326,"y":0.0035874703899025919,"z":-0.0002505152951925993,"w":-0.9975926876068115},"size":665.6060791015625,"orthographic":false}