{"cameraMode":{"drawMode":0,"name":"Shaded","section":"Shading Mode"},"sceneLighting":false,"audioPlay":false,"sceneViewState":{"showFog":true,"showMaterialUpdate":true,"showSkybox":true,"showFlares":true,"showImageEffects":true,"showParticleSystems":true},"in2DMode":false,"pivot":{"x":0.015671610832214357,"y":0.1650252342224121,"z":0.056806474924087527},"rotation":{"x":0.5741225481033325,"y":0.3589008152484894,"z":-0.30837324261665347,"w":0.6681911945343018},"size":2.2963666915893556,"orthographic":false}