{"cameraMode":{"drawMode":0,"name":"Shaded","section":"Shading Mode"},"sceneLighting":false,"audioPlay":false,"sceneViewState":{"showFog":true,"showMaterialUpdate":true,"showSkybox":true,"showFlares":true,"showImageEffects":true,"showParticleSystems":true},"in2DMode":false,"pivot":{"x":0.08724808692932129,"y":0.24536609649658204,"z":-0.09693872928619385},"rotation":{"x":-0.5267031788825989,"y":0.18171191215515138,"z":-0.11640473455190659,"w":-0.8222010731697083},"size":3.4160380363464357,"orthographic":false}