{"cameraMode":{"drawMode":0,"name":"Shaded","section":"Shading Mode"},"sceneLighting":false,"audioPlay":false,"sceneViewState":{"showFog":true,"showMaterialUpdate":true,"showSkybox":true,"showFlares":true,"showImageEffects":true,"showParticleSystems":true},"in2DMode":false,"pivot":{"x":413.5915222167969,"y":314.415771484375,"z":-15.442764282226563},"rotation":{"x":0.02968575991690159,"y":-0.003901310032233596,"z":-0.00011590810754569247,"w":-0.9995517134666443},"size":55.37649154663086,"orthographic":false}