{"cameraMode":{"drawMode":0,"name":"Shaded","section":"Shading Mode"},"sceneLighting":false,"audioPlay":false,"sceneViewState":{"showFog":true,"showMaterialUpdate":true,"showSkybox":true,"showFlares":true,"showImageEffects":true,"showParticleSystems":true},"in2DMode":false,"pivot":{"x":-0.7390279769897461,"y":0.15276074409484864,"z":-1.2616132497787476},"rotation":{"x":-0.16612188518047334,"y":-0.6244322657585144,"z":0.1381998360157013,"w":-0.7505922913551331},"size":9.214691162109375,"orthographic":false}