{"cameraMode":{"drawMode":0,"name":"Shaded","section":"Shading Mode"},"sceneLighting":false,"audioPlay":false,"sceneViewState":{"showFog":true,"showMaterialUpdate":true,"showSkybox":true,"showFlares":true,"showImageEffects":true,"showParticleSystems":true},"in2DMode":false,"pivot":{"x":-0.0031630322337150575,"y":0.28220534324645998,"z":0.37850046157836916},"rotation":{"x":0.4243847131729126,"y":0.013041525147855282,"z":-0.006112558301538229,"w":0.9053674340248108},"size":4.556250095367432,"orthographic":false}